frame.time_epoch,frame.len,direction,time_interval,protocol_type,payload,label
1556245477.422736,342,0,0.0,dhcp,,192.168.20.105_68_192.168.20.254_67_17
1556245477.634952,343,0,0.2122161388397216,dhcp,,192.168.20.105_68_192.168.20.254_67_17
