frame.time_epoch,frame.len,direction,time_interval,protocol_type,payload,label
1556245161.586012,135,0,0.0,tcp,1010001010011000000010000011110000010011111101101010000100110001001110010001101100001000011110001010100000101100100110000010110110000001100110010000111000110000100000001100010101000111011101010111100000100011011101101011110110100000110000101010000100001001,192.168.20.105_36776_3.121.70.57_443_6
1556245161.642266,135,0,0.0012059211730957,tcp,0010000000100101000111010111010001100110010101011011111100000001001110011100111101101101001001010100000101000000111110100011100100001000001100110010001010000110011001000000110010100011100101101001101011100111000110001100101101001000101111100100000000100101,192.168.20.105_36776_3.121.70.57_443_6
1556245161.671422,135,0,0.0156679153442382,tcp,0001110011001100101010110000100100101111110101001100011001110000110100011110001000110000001100101010100000100010001100101101001101100111110110000000001010111111000110010001010011010011001111000000101111001000100000101101101100100010011110000100000000001000,192.168.20.105_36776_3.121.70.57_443_6
